test_0.JPEG,bathtub
test_1.JPEG,tile roof
test_2.JPEG,jigsaw puzzle
test_3.JPEG,dromedary
test_4.JPEG,jellyfish
test_5.JPEG,oxygen mask
test_6.JPEG,shower curtain
test_7.JPEG,handkerchief
test_8.JPEG,slide rule
test_9.JPEG,flamingo
test_10.JPEG,face powder
test_11.JPEG,custard apple
test_12.JPEG,zebra
test_13.JPEG,hourglass
test_14.JPEG,menu
test_15.JPEG,mosquito net
test_16.JPEG,shoal
test_17.JPEG,crossword
test_18.JPEG,leatherback sea turtle
test_19.JPEG,toy store
test_20.JPEG,website
test_21.JPEG,starfish
test_22.JPEG,boa constrictor
test_23.JPEG,envelope
test_24.JPEG,safe
test_25.JPEG,stupa
test_26.JPEG,shower curtain
test_27.JPEG,shoal
test_28.JPEG,chimpanzee
test_29.JPEG,shower curtain
test_30.JPEG,candle
test_31.JPEG,stupa
test_32.JPEG,revolver
test_33.JPEG,obelisk
test_34.JPEG,Standard Poodle
test_35.JPEG,conch
test_36.JPEG,dust jacket
test_37.JPEG,chameleon
test_38.JPEG,mosquito net
test_39.JPEG,automated teller machine
test_40.JPEG,picket fence
test_41.JPEG,aircraft carrier
test_42.JPEG,wall clock
test_43.JPEG,jellyfish
test_44.JPEG,shower cap
test_45.JPEG,tub
test_46.JPEG,sink
test_47.JPEG,mosquito net
test_48.JPEG,fireboat
test_49.JPEG,valley
test_50.JPEG,picket fence
test_51.JPEG,jigsaw puzzle
test_52.JPEG,beer glass
test_53.JPEG,brass
test_54.JPEG,military uniform
test_55.JPEG,Band-Aid
test_56.JPEG,dragonfly
test_57.JPEG,radio telescope
test_58.JPEG,cassette
test_59.JPEG,shower curtain
test_60.JPEG,shoal
test_61.JPEG,fireboat
test_62.JPEG,medicine chest
test_63.JPEG,beaker
test_64.JPEG,nipple
test_65.JPEG,shower curtain
test_66.JPEG,lacewing
test_67.JPEG,shower curtain
test_68.JPEG,slide rule
test_69.JPEG,bubble
test_70.JPEG,seat belt
test_71.JPEG,starfish
test_72.JPEG,fireboat
test_73.JPEG,brass
test_74.JPEG,bubble
test_75.JPEG,vault
test_76.JPEG,brass
test_77.JPEG,banded gecko
test_78.JPEG,whiskey jug
test_79.JPEG,dock
test_80.JPEG,hourglass
test_81.JPEG,crossword
test_82.JPEG,spider web
test_83.JPEG,picket fence
test_84.JPEG,jeep
test_85.JPEG,carton
test_86.JPEG,cauliflower
test_87.JPEG,honeycomb
test_88.JPEG,trilobite
test_89.JPEG,magnetic compass
test_90.JPEG,hourglass
test_91.JPEG,Maltese
test_92.JPEG,mosque
test_93.JPEG,church
test_94.JPEG,ruler
test_95.JPEG,hourglass
test_96.JPEG,mosquito net
test_97.JPEG,radio telescope
test_98.JPEG,yawl
test_99.JPEG,alp
